id,answer
253/15.jpg,Lê Lợi Thành Phố Kon Tum Kon Tum
253/1.jpg,Thôn Thông Bi Tân Trường Thị Xã Nghi Sơn
253/4.jpg,Xóm 8 Hải Anh Hải Hậu Nam Định
253/7.jpg,Nam Trường Giang Hải Phú Lộc Thừa Thiên Huế
253/24.jpg,4/9cĐg 4 Kp8 Linh Xuân Thành Phố Thủ Đức Hồ Chí Minh
253/20.jpg,Tổ 4a Ấp Chánh Tân Thông Hội Củ Chi Hồ Chí Minh
253/23.jpg,Nghĩa Thái Tân Kỳ Nghệ An
253/14.jpg,Bản Lòng Hồ Tà Lại Mộc Châu Sơn La
253/8.jpg,57/8/86Hoàng Xuân Nhị Phú Trung Tân Phú Hồ Chí Minh
253/22.jpg,Long Điền Tây Đông Hải Bạc Liêu
253/25.jpg,Thới An Ô Môn Tp Cần Thơ
253/2.jpg,77/39/3Dc2 Định Hoà Tp Thủ Dầu Một Bình Dương
253/0.jpg,488a3 Mỹ Tân Phường 3 Thành Phố Bến Tre Bến Tre
253/26.jpg,Thôn Yên Tập Yên Lư Yên Dũng Bắc Giang
253/9.jpg,Tổ 96 Ấp Cái Nưa Bình Minh Vĩnh Thuận Kiên Giang
253/16.jpg,Thôn Hợp Thành Phú Nhuận Lục Ngạn Bắc Giang
253/12.jpg,Phú Thượng Huế Thừa Thiên Huế
253/18.jpg,Ấp Sơn Thuận Mỹ Thuận Hòn Đất Kiên Giang
253/13.jpg,Hồng Giang Lục Ngạn Bắc Giang
253/3.jpg,Gia Tường Nho Quan Ninh Bình
253/19.jpg,Đại Phước Nhơn Trạch Đồng Nai
253/11.jpg,Thôn Như Ngọc Phước Thái Ninh Phước Ninh Thuận
253/5.jpg,52/34 Vĩnh Phú Vĩnh Thành Chợ Lách Bến Tre
253/17.jpg,Gia Đức Thuỷ Nguyên Hải Phòng
253/6.jpg,Thanh Trí Minh Phú Sóc Sơn Hà Nội
253/21.jpg,Đông Phú Lục Nam Bắc Giang
253/10.jpg,Xóm Cầu Giàng Văn Yên Đại Từ Thái Nguyên
168/15.jpg,Sơn Đông Linh Lập Thạch Vĩnh Phúc
168/1.jpg,Trung Lĩnh Nông Cống Thanh Hoá
168/4.jpg,Hoá Vu Kiến Bình Tân Thạnh Long An
168/7.jpg,Tổ 87 Tích Lương Phú Lương Hà Đông Hà Nội
168/24.jpg,Xóm 7 Hải Hải Hải Hậu Nam Định
168/20.jpg,Tổ 1 Ấp 4 Bàu Can Long Thành Đồng Nai
168/23.jpg,Thôn Cải Vân Nham Hữu Lũng Lạng Sơn
168/14.jpg,Tổ 1 Ấp Vĩnh Phố Vĩnh Lộc An Phú An Giang
168/8.jpg,2/8 Lê Văn Hiếu Phường 1 Thành Phố Tân An Long An
168/22.jpg,Thuỷ Dương Hương Thuỷ Thừa Thiên Huế
168/25.jpg,Hoà Đông Hải Hậu Nam Định
168/2.jpg,Hoà Thịnh Tây Hoà Phú Yên
168/0.jpg,Thôn Đình Bồ Sao Vĩnh Tường Vĩnh Phúc
168/26.jpg,963/95/26 Hoàng Bàn Phường 82 Quận 6 Tp Hồ Chí Minh
168/9.jpg,Thôn Tân Hoà Tân Lễ Hưng Hà Thái Bình
168/16.jpg,Sơn Đông Linh Lập Thạch Vĩnh Phúc
168/12.jpg,Nghĩa Khánh Nghĩa Đàn Nghệ An
168/18.jpg,982 Lương Thủ Vinh Tân Thới Hoà Tân Phú Hồ Chí Minh
168/13.jpg,Thôn H Hà Thái Hà Trung Thanh Hoá
168/3.jpg,Yên Ngư Tam Hiệp Thanh Trì Hà Nội
168/19.jpg,Nam Hưng Tiên Lãng Hải Phòng
168/11.jpg,Thôn 6 Hạ Bằng Thạch Thất Hà Nội
168/5.jpg,Thôn An Vinh Vũ An Kiến Xương Thái Bình
168/17.jpg,Tổ 6 Khu Phố 5 Thị Trấn Vĩnh An Vĩnh Cửu Đồng Nai
168/6.jpg,Kv Thới Xương 7 Thới Long Ô Môn Cần Thơ
168/21.jpg,Thôn Bến Đề Bạch Xa Hàm Yên Tuyên Quang
168/10.jpg,Thanh Mai Hoàn Hoa Thánh Tp Chí Linh Hải Dương
16/15.jpg,Ấp 6 Tân Lộc Thới Bình Cà Mau
16/1.jpg,Ấp 5 Mỹ Đông Tháp Mười Đồng Tháp
16/4.jpg,Tiểu Khu 95 T Phú Yên
16/7.jpg,Tổ Hồ An Mỹ Quỳnh Phụ Thái Bình
16/24.jpg,Tổ 65 Khu Phố 4 Trần Quang Diệu Tp Quy Nhơn Bình Định
16/20.jpg,Ấp Sác Song Ngọc Thành Giồng Giang
16/23.jpg,Thị Trấn Quảng Hà Hải Hà Quảng Ninh
16/14.jpg,Thị Xã Bình Minh Vĩnh Long
16/8.jpg,Phú Thuỷ Tp Phan Thiết Bình Thuận
16/22.jpg,Nam Cô Hiền Hiến Ninh Quảng Ninh Quảng Bình
16/25.jpg,Bình Lợi Bình Chánh Tp Hồ Chí Minh
16/2.jpg,Hưng Long Bình Chánh Tp Hồ Chí Minh
16/0.jpg,Thông Giang Hồng 7 Cẩm Giang Cẩm Thuỷ Thanh Hoá
16/26.jpg,Điện Quang Thị Xã Điện Bàn Quảng Nam
16/9.jpg,Bình Khánh Thành Phố Long Xuyên An Giang
16/16.jpg,Kiến Thuỵ Hải Phòng
16/12.jpg,Xóm 21 Thôn Tuân Lễ Phước Hiệp Tuy Phước Bình Định
16/18.jpg,Trung An Mỹ Tho Tiền Giang
16/13.jpg,Thôn 9 Lâm Trạch Bố Trạch Quảng Bình
16/3.jpg,Ấp Phú Mỹ Hạ Phú Thọ Phú Tân An Giang
16/19.jpg,Tổ 1 Thông 9 Hàm Đức Hàm Thuận Bắc Bình Thuận
16/11.jpg,Hải Cảng Thành Phố Quy Nhơn Bình Định
16/5.jpg,Huyện Phù Mỹ Bình Định
16/17.jpg,22/256 Trường Trinh P Quang Trinh Tp Nam Định
16/6.jpg,Ấp Hậu Bối Đại Hải Kế Sách Sóc Trăng
16/21.jpg,Ấp Bến Sàn Phước Thiền Nhơn Trạch Đồng Nai
16/10.jpg,21/6 Phạm Viết Chánh P 59 Bình Thạnh Tp Hồ Chí Minh
1/15.jpg,Thuận Lộc Thành Phố Huế Thừa Thiên Huế
1/1.jpg,951/72/7 Nguyễn Tri Phương P39 Q54 Tp Hồ Chí Minh
1/4.jpg,Ấp Cầu Tre Long Thới Tiểu Cần Trà Vinh
1/7.jpg,Thượng Xuân Bách Thuận Vũ Thư Thái Bình
1/24.jpg,Thôn Lý Trường Bình Phú Thăng Bình Quảng Nam
1/20.jpg,Tổ 8 Ấp Cà Na An Bình Phú Giáo Bình Dương
1/23.jpg,Ninh Đa Thị Xã Ninh Hoà Khánh Hoà
1/14.jpg,Thôn 1 Ea Ktur Cư Kuin Đắk Lắk
1/8.jpg,Đông Vinh Hà Vinh Hà Trung Thanh Hoá
1/22.jpg,Hà Lam Thăng Bình Quảng Nam
1/25.jpg,55 Cống L Phường 22 Tân Bình Tp Hồ Chí Minh
1/2.jpg,T5p Thanh Bình Thị Trấn Kép Lạng Giang Bắc Giang
1/0.jpg,An Quý Quỳnh Phụ Thái Bình
1/26.jpg,Kp7 Bảo An Tp Phan Rang Tháp Chàm Ninh Thuận
1/9.jpg,Tổ 78 Trường Phúc Vĩnh Phước Nha Trang Khánh Hoà
1/16.jpg,55/7 Huỳnh Tấn Phát Tân Phú Quận 6 Tp Hồ Chí Minh
1/12.jpg,Phường 3 Thị Xã Ngã Năm Sóc Trăng
1/18.jpg,Khu Cẩm Thượng Tp Hải Dương Hải Dương
1/13.jpg,Tổ 35 Hoà An Cẩm Lệ Đà Nẵng
1/3.jpg,73/242 Bùi Thị Xuân Thuỷ Biều Huế Thừa Thiên Huế
1/19.jpg,973 7 95 Kp 6 Tam Bình Thành Phố Thủ Đức Hồ Chí Minh
1/11.jpg,197 Đường 53 Tân Kiểng Quận 6 Tp Hồ Chí Minh
1/5.jpg,H Đồng Hỷ T Thái Nguyên
1/17.jpg,486/48 Hoà Lộc Vĩnh Hoà Chợ Lách Bến Tre
1/6.jpg,Thạnh Phước Thạnh Hoá Long An
1/21.jpg,Quảng Cát Tp Thanh Hoá Thanh Hoá
1/10.jpg,Ấp Ngọc Hồ Tam Ngãi Cầu Kè Trà Vinh
214/15.jpg,Vĩnh Thịnh Vĩnh Tường Vĩnh Phúc
214/1.jpg,Thôn Trụ Thạch Bàn Giản Lập Thạch Vĩnh Phúc
214/4.jpg,Phú Yên Phú Xuyên Hà Nội
214/7.jpg,Anh Thạnh Trung Chợ Mới An Giang
214/24.jpg,Xóm Hương Sơn Tân Hương Thị Xã Phổ Yên Thái Nguyên
214/20.jpg,Ấp An Chu Bắc Sơn Trảng Bom Đồng Nai
214/23.jpg,9/28 Phạm Quý Thích Tân Quý Tân Phú Tp Hồ Chí Minh
214/14.jpg,Thôn Nghĩa Lộ Võng Xuyên Phúc Thọ Hà Nội
214/8.jpg,Văn Xá Kim Bảng Hà Nam
214/22.jpg,Căn 4683Ct8 Kđt Vĩnh Hưng Vĩnh Ngọc Na Trang Kh/hoà
214/25.jpg,Khóm 8 Phường 8 Thành Phố Cà Mau Cà Mau
214/2.jpg,Thôn Thọ Lộc Minh Khai Vũ Thư Thái Bình
214/0.jpg,Thôn Chân Sơn Hương Sơn Bình Xuyên Vĩnh Phúc
214/26.jpg,Tt Tân Trụ Tân Trụ Long An
214/9.jpg,Xã Khánh Sơn Huyện Nam Đàn Nghệ An
214/16.jpg,Vũ Thắng Kiến Xương Thái Bình
214/12.jpg,Thôn Hoàng Dụ Kỳ Khang Kỳ Anh Hà Tĩnh
214/18.jpg,Thôn Trù Lâm Hoàng Diệu Gia Lộc Hải Dương
214/13.jpg,Tràng Minh Kiến An Hải Phòng
214/3.jpg,Thị Trấn Plei Kần Ngọc Hồi Kon Tum
214/19.jpg,Tổ 3 P Long Biên Long Biên Hà Nội
214/11.jpg,Trung Văn Nam Từ Liêm Hà Nội
214/5.jpg,Phố 7 Ấp 8 Phú Minh Định Quán Đồng Nai
214/17.jpg,438 Nhơn Thuận Nhơn Thạnh Trung Tp Tân An Long An
214/6.jpg,Hoà Mạc Thị Xã Duy Tiên Hà Nam
214/21.jpg,Khối 8 Vĩnh Điện Điện Bàn Quảng Nam
214/10.jpg,Trường Yên Chương Mỹ Hà Nội
31/15.jpg,Trảng Bàng Tây Ninh
31/1.jpg,Nghĩa Ninh Thành Phố Đồng Hới Quảng Bình
31/4.jpg,1838/9/86 Huỳnh Tấn Phát P Phú Mỹ Quận 6 Tp Hồ Chí Minh
31/7.jpg,Ấp Tân Thạnh Tân Hương Châu Thành Tiền Giang
31/24.jpg,Cát Minh Phù Cát Bình Định
31/20.jpg,Thôn Yên Lãng Yên Trung Yên Phong Bắc Ninh
31/23.jpg,Thọ Xuân Đan Phượng Hà Nội
31/14.jpg,Xóm 6a Xã Vĩnh Bình Bắc Vĩnh Thuận Kiên Giang
31/8.jpg,239 Đường 713 P Thắng Nhất Tp Vũng Tàu Br Vũng Tàu
31/22.jpg,Thôn Cáp Tiên Trung Kênh Lương Tài Bắc Ninh
31/25.jpg,Gò Vấp Tp Hcm
31/2.jpg,Yên Lộc Kim Sơn Ninh Bình
31/0.jpg,Vân Côn Hoài Đức Hà Nội
31/26.jpg,Trà Cổ Thành Phố Móng Cái Quảng Ninh
31/9.jpg,Hưng Thịnh Bảo Lạc Cao Bằng
31/16.jpg,Khối 5 Tam Thanh Thành Phố Lạng Sơn Lạng Sơn
31/12.jpg,315/67 Trần Xu Nguyễn Cư Trinh Qui Hồ Chí Minh
31/18.jpg,Thôn Hải Quang Đồng Lạc Nam Sách Hải Dương
31/13.jpg,Thôn Đắk Hoa Tân Thành Krông Nô Đắk Nông
31/3.jpg,Tri Lễ Văn Quan Lạng Sơn
31/19.jpg,Ấp Mỹ Lợi A Hiệp Hưng Phụng Hiệp Hậu Giang
31/11.jpg,65 Đặng Huy Tứ Phước Vĩnh Thành Phố Huế Thừa Thiên Huế
31/5.jpg,Mỹ Hoà Thành Phố Long Xuyên An Giang
31/17.jpg,Tdp Tân Rảm Thị Trấn Hợp Hoà Tam Dương Vĩnh Phúc
31/6.jpg,Ngọc Phụng Thường Xuân Thanh Hoá
31/21.jpg,44/27 Tôn Thất Thuyết P2 Quận 2 Tp Hồ Chí Minh
31/10.jpg,Thôn Trọng Sơn Hà Bắc Hà Trung Thanh Hoá
25/15.jpg,Xóm Lâm Trụ Giao Phong Giao Thuỷ Nam Định
25/1.jpg,Tấn Tài Tp Phan Rang Tháp Chàm Ninh Thuận
25/4.jpg,Ấp Tân Thành Lợi An Trần Văn Thời Cà Mau
25/7.jpg,Hoàng Diệu Hải Châu Đà Nẵng
25/24.jpg,Đạo Thạnh Mỹ Tho Tiền Giang
25/20.jpg,46 Lây A8 Kdc Đ Đồng Khánh Tân Khánh Đông Sóc Đồng Tháp
25/23.jpg,Tân Tiến Vĩnh Tường Vĩnh Phúc
25/14.jpg,An Trạch Đông Hải Bạc Liêu
25/8.jpg,Long Hậu Lai Vung Đồng Tháp
25/22.jpg,Ấp Đào Viên Thạnh Dưới Mỹ Xuyên Sóc Trăng
25/25.jpg,Láng Tròn Thị Xã Giá Rai Bạc Liêu
25/2.jpg,Tổ 63 Nại Hiên Đông Sơn Trà Đà Nẵng
25/0.jpg,Ấp 6 Tắc Vân Tp Cà Mau Cà Mau
25/26.jpg,Thôn Thăng Long Bắc Sơn Hưng Hà Thái Bình
25/9.jpg,Phường 79 Quận 1 Tp Hồ Chí Minh
25/16.jpg,Xóm 4 Nam Hải Nghĩa Hải Nghĩa Hưng Nam Định
25/12.jpg,Thị Trấn Cao Thượng Tân Yên Bắc Giang
25/18.jpg,Ấp Phú Quý 7 La Ngã Định Quán Đồng Nai
25/13.jpg,88 Kv Thạnh Mỹ Thường Thạch Cái Răng Cần Thơ
25/3.jpg,Sa Nghệ An Cơ Châu Thành Tây Ninh
25/19.jpg,Tổ 8 Ấp Du Tân Mỹ Hội Đông Chợ Mới An Giang
25/11.jpg,Hiệp Bình Phước Tp Thủ Đức Tp Hồ Chí Minh
25/5.jpg,Thôn 1 Ba Trại Ba Vì Hà Nội
25/17.jpg,Thôn Phú Mỹ 8 Phước Lộc Tuy Phước Bình Định
25/6.jpg,Xóm Đồi Hợp Tiến Kim Bôi Hoà Bình
25/21.jpg,Diễn Hồng Diễn Châu Nghệ An
25/10.jpg,Xóm Đồng Mạc Tiên Hội Đại Từ Thái Nguyên
252/15.jpg,Tây Xuân Tây Sơn Bình Định
252/1.jpg,549 Trần Hưng Đạo Thành Phố Rạch Giá Kiên Giang
252/4.jpg,Tiên Phương Chương Mỹ Hà Nội
252/7.jpg,Yên Lư Yên Dũng Bắc Giang
252/24.jpg,738/81 Trần Xuân Soạn Kp4 P Tân Hưng Quận 7 Tp Hcm
252/20.jpg,Thôn 9 Dân Trù Yên Phương Yên Lạc Vĩnh Phúc
252/23.jpg,Mỹ Lợi A Cái Bè Tiền Giang
252/14.jpg,Tổ Dân Phố Tiểu Hoàng Thị Trấn Tiền Hả Tiền Hải Thái Bình
252/8.jpg,Bắc An Thành Phố Chí Linh Hải Dương
252/22.jpg,Thôn Chế Phú Thanh Chi Thanh Chương Nghệ An
252/25.jpg,Tổ 75 Xuân Hà Thanh Khê Đà Nẵng
252/2.jpg,Thôn Đồng Trang Hồng An Hưng Hà Thái Bình
252/0.jpg,541/21 Phan H Tích P 92 T 6 Tp Hồ Chí Minh
252/26.jpg,Tiểu Khu Pa Khe Thị Trấn Na Mộc Châu Mộc Châu Sơn La
252/9.jpg,6b/36a Đô Vinh Sơn Phường 89 Quận 8 Hồ Chí Minh
252/16.jpg,37/26 Đỗ Ngũ Liễu Giai Ba Đình Hà Nội
252/12.jpg,Thị Trấn Đông Phú Quế Sơn Quảng Nam
252/18.jpg,Thị Trấn Núi Đôi Kiến Thuỵ Hải Phòng
252/13.jpg,Phường 18 Gò Vấp Hồ Chí Minh
252/3.jpg,Tổ Dân Phố 6 Thị Trấn Phố Châu Hương Sơn Hà Tĩnh
252/19.jpg,Phước Thạnh Gò Dầu Tây Ninh
252/11.jpg,Tổ 4 Ấp 7 Xuân Hưng Xuân Lộc Đồng Nai
252/5.jpg,Lâm Xa Bá Thước Thanh Hoá
252/17.jpg,Trung Hưng Cờ Đỏ Cần Thơ
252/6.jpg,Long Hưng 8 Long Sơn Thị Xã Tân Châu An Giang
252/21.jpg,Sơn Lôi Bình Xuyên Vĩnh Phúc
252/10.jpg,Thị Trấn Tiểu Cần Tiểu Cần Trà Vinh
291/15.jpg,Khu 6 Phú Thứ Thị Xã Kinh Môn Hải Dương
291/1.jpg,913 Bình An Bình Lãng Tân Trụ Long An
291/4.jpg,2321 Huỳnh Tấn Phát Kp6 Phú Mỹ Quận 1 Tp Hồ Chí Minh
291/7.jpg,Bình Thanh Kiến Xương Thái Bình
291/24.jpg,Thôn Đồng Lạc 4 Đinh Lạc Di Linh Lâm Đồng
291/20.jpg,Xóm Đoàn Kết Tiền Phong Đà Bắc Hoà Bình
291/23.jpg,Thôn Thành Mỹ Tam Phước Phú Ninh Quảng Nam
291/14.jpg,Tổ 6 Tân Chính Quận Thanh Khê Đà Nẵng
291/8.jpg,Ấp Kinh Tám Khánh Bình Tây Trần Văn Thời Cà Mau
291/22.jpg,Lộc Vượng Thành Phố Nam Định Nam Định
291/25.jpg,Tam Quan Tam Đảo Vĩnh Phúc
291/2.jpg,24 Ngõ 13 Phố Chợ K/Hiên Trung Phụng Đa Hà Nội
291/0.jpg,713/94 Trần Xuân Son P Tân Hưng Quận 7 Tp Hồ Chí Minh
291/26.jpg,Tt Đu H Phú Lương T Thái Nguyên
291/9.jpg,Tổ 8 Ấp Sa Duy Phước Sang Phú Giáo Bình Dương
291/16.jpg,Mỹ Thành Bắc Cai Lậy Tiền Giang
291/12.jpg,Triệu Đại Triệu Phong Quảng Trị
291/18.jpg,Thôn Điền Quỳnh Đông Sơn Yên Thế Bắc Giang
291/13.jpg,Minh Tiến Đại Từ Thái Nguyên
291/3.jpg,Liên Lộc Hậu Lộc Thanh Hoá
291/19.jpg,Thành Phố Sóc Trăng Sóc Trăng
291/11.jpg,Huyền Quang Ninh Xá Thành Phố Bắc Ninh Bắc Ninh
291/5.jpg,32 Đường 29 Nghĩa Dũng Phúc Xá Ba Đình Hà Nội
291/17.jpg,Tri Phương Trùng Khánh Cao Bằng
291/6.jpg,Thôn An Dư Hương Lạc Giang Bắc Giang
291/21.jpg,Long Điền Bà Rịa Vũng Tàu
291/10.jpg,Thôn Thanh Đặng Minh Hải Văn Lâm Hưng Yên
215/15.jpg,Khu Phố 6 P Dương Đông Tp Phú Quốc Kiên Giang
215/1.jpg,58 Nhơn Thuận Nhơn Trạch Trung Tp Tân An Long An
215/4.jpg,Tổ 1 Thanh Kiều Thanh Lương Bình Long Bình Phước
215/7.jpg,Thôn Duệ Đinh Lạc Di Linh Lâm Đồng
215/24.jpg,Quang Trung Đống Đa Hà Nội
215/20.jpg,49b Quốc Tử Giám Đống Đa Hà Nội
215/23.jpg,An Thành 9 Bình An Thăng Bình Quảng Nam
215/14.jpg,Phú Quới Phú An Phú Tân An Giang
215/8.jpg,241/23 Xóm Đất Phường 81 Quận 38 Tp Hồ Chí Minh
215/22.jpg,Đăk Cấm Thành Phố Kon Tum Kon Tum
215/25.jpg,5839/4 Huỳnh Văn Bánh Phường 38 Phú Nhuận Tp Hồ Chí Minh
215/2.jpg,Thôn 6 Xuân Thọ Triệu Sơn Thanh Hoá
215/0.jpg,Bình Hàng Trung Cao Lãnh Đồng Tháp
215/26.jpg,Thôn Hợp Nhất Lai Vu Kim Thành Hải Dương
215/9.jpg,Trường Thọ An Lão Hải Phòng
215/16.jpg,Thôn Quỳ Sơn Cẩm Quỳ Cẩm Thuỷ Thanh Hoá
215/12.jpg,Thôn Thắng 35 Yên Lâm Hàm Yên Tuyên Quang
215/18.jpg,89 Long Mỹ Long Thành Bắc Đoàn Thành Tây Ninh
215/13.jpg,Phú Cường Thủ Dầu Một Bình Dương
215/3.jpg,Gia Lương Gia Lộc Hải Dương
215/19.jpg,67 Ấp 4 Phước Lộc Nhà Bè Tp Hồ Chí Minh
215/11.jpg,134b/2 Bờ Tây Nhà Mát Thành Phố Bạc Liêu Bạc Liêu
215/5.jpg,Khối 67 Hưng Bình Vinh Nghệ An
215/17.jpg,P H Ninh
215/6.jpg,Khu Minh Giang Hùng Xuyên Đoan Hùng Phú Thọ
215/21.jpg,Hiệp Thành Thành Phố Bạc Liêu Bạc Liêu
215/10.jpg,Xóm 3 Yên Nội Đồng Quang Quốc Oai Hà Nội
58/15.jpg,Bãi Trành Như Xuân Thanh Hoá
58/1.jpg,Hồng Châu Yên Lạc Vĩnh Phúc
58/4.jpg,Xóm Nam Lễ Hải Hưng Hải Hậu Nam Định
58/7.jpg,Liễu Đô Lục Yên Yên Bái
58/24.jpg,Thôn Tân Hội Điền Lộc Phong Điền Thừa Thiên Huế
58/20.jpg,831/9 Bến Vân Đôn Phường 93 Quận 7 Hồ Chí Minh
58/23.jpg,Duy Trinh Duy Xuyên Quảng Nam
58/14.jpg,Thôn Thanh Giang Thanh Cao Thanh Oai Hà Nội
58/8.jpg,Thôn 8 Tích Giang Phúc Thọ Hà Nội
58/22.jpg,Ấp An Thạnh Tân An Thạnh Bình Tân Vĩnh Long
58/25.jpg,Vạn T Thái Bảo Gia Bình Bắc Ninh
58/2.jpg,Xóm 15 Nam Dương Nam Trực Nam Định
58/0.jpg,Tập Ngãi Tiểu Cần Trà Vinh
58/26.jpg,Thôn Chung 1 Ngũ Kiên Vĩnh Tường Vĩnh Phúc
58/9.jpg,Vạn Thắng Ba Vì Hà Nội
58/16.jpg,Gò Quảc Kiên Giang
58/12.jpg,Thị Nà Đăng Thị Trấn Yến Lạc Na Rì Bắc Kạn
58/18.jpg,Tổ Dân Phố Kh8nhTổ Dân Ph 6 KháhXuâ Tp Bun Thuột Đắk Lắk
58/13.jpg,Ấp Ngã Cây Đông Yên An Biên Kiên Giang
58/3.jpg,Giai Xuân Tân Kỳ Nghệ An
58/19.jpg,Xuân Lĩnh Nghi Xuân Hà Tĩnh
58/11.jpg,Nhơn Bình Thành Phố Quy Nhơn Bình Định
58/5.jpg,Ấp Tín Nghĩa Xuân Thiện Thống Nhất Đồng Nai
58/17.jpg,Phú Châu Đông Hưng Thái Bình
58/6.jpg,Thôn 9 Minh Quán Trấn Yên Yên Bái
58/21.jpg,Yên Thường Gia Lâm Hà Nội
58/10.jpg,P 93b A8 Kđm Đ/Kim Đông Định Công Hoàng Mai Hà Nội
164/15.jpg,7e Khu Gia Bình Tri Mỹ Bình 7 Nam Từ Liêm Hà Nội
164/1.jpg,Đức Ninh Đông Hới Quảng Bình
164/4.jpg,Số 425 Xuân Thuỷ Tổ 13 Dịch Vọng Hậu Cầu Giấy Hà Nội
164/7.jpg,Công Liên Nông Cống Thanh Hoá
164/24.jpg,Đông Sơn Chương Mỹ Hà Nội
164/20.jpg,Nam Hiếu Cam Hiếu Cam Lộ Quảng Trị
164/23.jpg,Tổ 1 Khu Phố A Thanh Hải Tp Phan Thiết Bình Thuận
164/14.jpg,Tdp Ngọc Trục Đại Mỗ Nam Từ Liêm Hà Nội
164/8.jpg,Tổ 36 Mỹ An Ngũ Hành Sơn Đà Nẵng
164/22.jpg,Thôn Trung Ngoại Hoằng Yến Hoằng Hoá Thanh Hoá
164/25.jpg,Buân Kô Ea Bông Krông Ana Đắk Lắk
164/2.jpg,Khu 9 Đan Thượng Hạ Hoà Phú Thọ
164/0.jpg,H Hương Sơn Long Hương Tp Bà Rịa Bà Rịa Vũng Tàu
164/26.jpg,Ấp 5 Vĩnh Trung Vị Thuỷ Hậu Giang
164/9.jpg,Phong Đông Vĩnh Thuận Kiên Giang
164/16.jpg,Tả Phời Tp Lào Cai Lào Cai
164/12.jpg,Hoà Trạch Bố Trạch Quảng Bình
164/18.jpg,Hưng Long Tp Phan Thiết Bình Thuận
164/13.jpg,Phường 99 Quận 92 Hồ Chí Minh
164/3.jpg,Thị Trấn Sóc Sơn Hòn Đất Kiên Giang
164/19.jpg,Long Thạch Đông Tam Hải Núi Thành Quảng Nam
164/11.jpg,6b Trần Cao Phố Huế Hai Bà Trưng Hà Nội
164/5.jpg,Nà Nhạn Tp Điện Biên Phủ Điện Biên
164/17.jpg,Tiên Lãnh Tiên Phước Quảng Nam
164/6.jpg,Thôn 6 Cư A Mung Ea H'leo Đắk Lắk
164/21.jpg,Thôn Bài Yên Bài Ba Vì Hà Nội
164/10.jpg,Ấp Qui Nông B Hoà Lợi Châu Thành Trà Vinh
101/15.jpg,Bản Choang Lê Lợi Nậm Nhùn Lai Châu
101/1.jpg,Liên Phương Thành Phố Hưng Yên Hưng Yên
101/4.jpg,Ấp Minh Dũng Minh Thuận U Minh Thượng Kiên Giang
101/7.jpg,Ấp Hai Tốt Tây Yên A An Biên Kiên Giang
101/24.jpg,Phú Đức Phú Nam An Chương Mỹ Hà Nội
101/20.jpg,Quang Sơn Thành Phố Tam Điệp Ninh Bình
101/23.jpg,Tổ Dân Phố 2 Thị Trấn Ea Thng Cư Jút Đắk Nông
101/14.jpg,94 Phạm Linh Công Thành Phố Hải Dương Hải Dương
101/8.jpg,Tây Hồ Thọ Xuân Thanh Hoá
101/22.jpg,Bến Sối Thành Long Châu Thành Tây Ninh
101/25.jpg,613/6 Hậu Giang Phường 75 Quận 2 Tp Hồ Chí Minh
101/2.jpg,Tổ 5 Tây Nam Vĩnh Hải Nha Trang Khánh Hoà
101/0.jpg,Thạnh Đức Long Hồ Vĩnh Long
101/26.jpg,Thống Nhất Thường Tín Hà Nội
101/9.jpg,Xóm Tân Phường Trực Hùng Trực Ninh Nam Định
101/16.jpg,Khôi Kỳ Đại Từ Thái Nguyên
101/12.jpg,Ấp Hoàn Quân Long Giao Cẩm Mỹ Đồng Nai
101/18.jpg,Thôn Hoà Bình Nghĩa Hoà Tư Nghĩa Quảng Ngãi
101/13.jpg,Hàng Bồ Hoàn Kiếm Hà Nội
101/3.jpg,Quyết Thắng Thành Phố Biên Hoà Đồng Nai
101/19.jpg,Khu 3 Thanh Minh Thị Xã Phú Thọ Phú Thọ
101/11.jpg,Kim Ân Đặng Xá Gia Lâm Hà Nội
101/5.jpg,69 Phan Văn Sử Phường 18 Tân Bình Tp Hồ Chí Minh
101/17.jpg,Vĩnh Phúc
101/6.jpg,Đa Phước Bình Chánh Tp Hồ Chí Minh
101/21.jpg,Phú Lương Phú Vang Thừa Thiên Huế
101/10.jpg,5/1a Ấp 3 Nhơn Đức Nhà Bè Hồ Chí Minh
62/15.jpg,Tổ 34 Sông Hiến Thành Phố Cao Bằng Cao Bằng
62/1.jpg,Phương Định Trực Ninh Nam Định
62/4.jpg,Thôn Phú Yên 5 Yên Lập Vĩnh Tường Vĩnh Phúc
62/7.jpg,Tượng Sơn Nông Cống Thanh Hoá
62/24.jpg,74 Bis Lê Quý Đôn P Võ Thị Sán Q Tp Hồ Chí Minh
62/20.jpg,31 Thế Đại Phường 8 Thành Phố Trà Vinh Trà Vinh
62/23.jpg,485/959/a 4/9a Phạm Thế Hiển P Quận Tp Hồ Chí Minh
62/14.jpg,Vũ Lạc Thành Phố Thái Bình Thái Bình
62/8.jpg,Ấp Phước Dân Xã Phước Chỉ Thị Xã Trảng Bàng Tây Ninh
62/22.jpg,62/7 Tô Hiệu Hiệp Tân Tân Phú Hồ Chí Minh
62/25.jpg,Mai Lâm Thị Xã Nghi Sơn Thanh Hoá
62/2.jpg,Dương Hồng Thuỷ Thái Thuỵ Thái Bình
62/0.jpg,Hải Xuân Hải Hậu Nam Định
62/26.jpg,Ấp 7 Bàu Lâm Xuyên Mộc Bà Rịa Vũng Tàu
62/9.jpg,Duyên Thái Thường Tín Hà Nội
62/16.jpg,Xóm 4 Thôn 8 Đại Lào Thành Phố Bảo Lộc Lâm Đồng
62/12.jpg,Định Thuỷ Mỏ Cày Nam Bến Tre
62/18.jpg,Ấp Bảo Định Xuân Định Xuân Lộc Đồng Nai
62/13.jpg,592/4 Hoàng Sa P Võ Thị Sáu Quận 3 Tp Hồ Chí Minh
62/3.jpg,Lập Định 7 Cam Hoà Cam Lâm Khánh Hoà
62/19.jpg,Hưng Trung Hưng Nguyên Nghệ An
62/11.jpg,Phú Thọ Hoà Tân Phú Tp Hồ Chí Minh
62/5.jpg,Tổ 3 Xuân Hà Thanh Khê Đà Nẵng
62/17.jpg,Tp Hiệp Đồng Hồng Tiến Thành Phố Phổ Yên Thái Nguyên
62/6.jpg,Thôn 2 Hoà Phong Krông Bông Đắk Lắk
62/21.jpg,Ấp Bình Lâm Lộc An Long Thành Đồng Nai
62/10.jpg,Xóm 1 Thôn 1 Suối Kiết Tánh Linh Bình Thuận
290/15.jpg,Diễn Thành Diễn Châu Nghệ An
290/1.jpg,748a Mạc Cửu Vĩnh Thành Rạch Giá Kiên Giang
290/4.jpg,Phước Long 5 Phan Dương Minh Châu Tây Ninh
290/7.jpg,65 Ngõ 782 Nguyễn Kiệt Phúc Tân Hoàn Kiếm Hà Nội
290/24.jpg,Thôn Thắng Lộc Bình Lương Như Xuân Thanh Hoá
290/20.jpg,Đông Kinh Đông Hưng Thái Bình
290/23.jpg,Ấp Hiệp Thành Mỹ Hiệp Sơn Hòn Đất Kiên Giang
290/14.jpg,1385 Ng Trinh Trường Thạnh Tp Thủ Đức Tp Hồ Chí Minh
290/8.jpg,Thôn Trà Sơn Cam Phước Đông Cam Ranh Khánh Hoà
290/22.jpg,Thị Xã Trảng Bàng Tây Ninh
290/25.jpg,Thôn Định Tân Bình Châu Bình Sơn Quảng Ngãi
290/2.jpg,Tổ 1 Ấp 8 Lộc Thuận Lộc Ninh Bình Phước
290/0.jpg,Thịnh Long Hải Hậu Nam Định
290/26.jpg,Nhân La Kim Động Hưng Yên
290/9.jpg,An Lư Thuỷ Nguyên Hải Phòng
290/16.jpg,Xóm Trà Hương Giao An Giao Thuỷ Nam Định
290/12.jpg,Thôn Làng Cà Đông Tiến Hữu Lũng Lạng Sơn
290/18.jpg,Tổ 7 Khu Phố 8 Đức Tài Đức Linh Bình Thuận
290/13.jpg,Đồng Hới Quảng Bình
290/3.jpg,Thôn Lạc Thành Bắc Tây Ninh Tiền Hải Thái Bình
290/19.jpg,Khu Đồng Chung Hưng Long Yên Lập Phú Thọ
290/11.jpg,Kháng Chiến Tràng Định Lạng Sơn
290/5.jpg,Cẩm Hà Tp Hội An Quảng Nam
290/17.jpg,Tơ Tung Khang Gia Lai
290/6.jpg,Hợp Thắng Triệu Sơn Thanh Hoá
290/21.jpg,Trung Hải Gio Linh Quảng Trị
290/10.jpg,Thôn 6 Ea Wer Buôn Đôn Đắk Lắk
285/15.jpg,9b/21a Phạm Thế Hiển P 3 Quận 3 Tp Hồ Chí Minh
285/1.jpg,Thôn Tâm Vông Vũ Linh Yên Bình Yên Bái
285/4.jpg,Hoà Phong Thị Xã Mỹ Hào Hưng Yên
285/7.jpg,Bình Hoà Giao Thuỷ Nam Định
285/24.jpg,Vĩnh Thới Lai Vung Đồng Tháp
285/20.jpg,Xóm P Lau Võ Miếu Thanh Sơn Phú Thọ
285/23.jpg,Tân Trung Tân Bình Bình Tân Vĩnh Long
285/14.jpg,Thôn Tân Sơn 9 Tân Đình Lạng Giang Bắc Giang
285/8.jpg,Kim An Thanh Oai Hà Nội
285/22.jpg,Ấp 6 Thị Trấn Long Phú Long Phú Sóc Trăng
285/25.jpg,Long Định Long Thắng Lai Vung Đồng Tháp
285/2.jpg,Khóm An Lợi P An Bình A Tp Hồng Ngự Đồng Tháp
285/0.jpg,Phan Đình phường P 4 Tp Hoà Bình
285/26.jpg,Lộc Sơn Phú Lộc Thừa Thiên Huế
285/9.jpg,Phương Giao Võ Nhai Thái Nguyên
285/16.jpg,Thị Trấn Đô Lương Đô Lương Nghệ An
285/12.jpg,Xóm Thuận Minh Thuận Sơn Đô Lương Nghệ An
285/18.jpg,87/1 Trần Quốc Toản P 5 Thành Phố Mỹ Tho Tiền Giang
285/13.jpg,Thanh Nộn Thanh Sơn Kim Bảng Hà Nam
285/3.jpg,Thôn Phú Lão Đào Viên Quế Võ Bắc Ninh
285/19.jpg,Tân Tiến Mậu Lâm Như Thanh Thanh Hoá
285/11.jpg,Vĩnh Lộc A Bình Chánh Hồ Chí Minh
285/5.jpg,Bon Ka Nur Quảng Khê Đăk Glong Đắk Nông
285/17.jpg,Kp Na Kh8 Thị Trấn Mường Lát Mường Lát Thanh Hoá
285/6.jpg,Ấp Tân Phú Tấn Mỹ Chợ Mới An Giang
285/21.jpg,Vạn Điểm Thường Tín Hà Nội
285/10.jpg,Lương Nông Nam Đức Thạnh Mộ Đức Quảng Ngãi
14/15.jpg,Tân Thành Tp Ninh Bình Ninh Bình
14/1.jpg,Thôn Lăng Quảng Trị Phú Chiêm Hoá Tuyên Quang
14/4.jpg,367/2 Ấp Thạnh Quí A Bình Thạnh Thạnh Phú Bến Tre
14/7.jpg,Số 87 Trần Kim Xuyên Hoà Xuân Cẩm Lệ Đà Nẵng
14/24.jpg,Bình Trị Bình Sơn Quảng Ngãi
14/20.jpg,Hoà Bắc Đại Nghĩa Đại Lộc Quảng Nam
14/23.jpg,451/39 Lạc Long Quân Phường 12 Quận 64 Tp Hồ Chí Minh
14/14.jpg,Tổ 3 Hội Thương Thành Phố Pleiku Gia Lai
14/8.jpg,Hương Ngãi Thạch Thất Hà Nội
14/22.jpg,Phú Tâm Châu Thành Sóc Trăng
14/25.jpg,Bản Chuối Lâm Hoá Tuyên Quang Quảng Bình
14/2.jpg,483/98 Kp8 Tam Hiệp Thành Phố Biên Hoà Đồng Nai
14/0.jpg,99/75 Lý Chánh Thắng P Võ Thị Sáu Q9 Tp Hồ Chí Minh
14/26.jpg,59 Linh Trung Kp3 Linh Trung Thành Phố Thủ Đức Hồ Chí Minh
14/9.jpg,718/42 Phạm Thế Hiển Phường 4 Quận 6 Tp Hồ Chí Minh
14/16.jpg,Xã Đông Xuân Huyện Đông Hưng T Thái Bình
14/12.jpg,259b/37 Tọ 81 Tân Tạo Bình Tân Tp Hồ Chí Minh
14/18.jpg,Tam Ngọc Thành Phố Tam Kỳ Quảng Nam
14/13.jpg,Thị Trấn Mỹ Lương Chợ Mới An Giang
14/3.jpg,Thôn Diêm Vân Phước Thuận Tuy Phước Bình Định
14/19.jpg,Xuân Tây Trường Xuân Tam Kỳ Quảng Nam
14/11.jpg,Tổ 6 Khu Phố A Thị Trấn Tân Hiệp Tân Hiệp Kiên Giang
14/5.jpg,Phú Đồng Nhơn Trạch Đồng Nai
14/17.jpg,Cẩm Châu Cẩm Thuỷ Thanh Hoá
14/6.jpg,1/72b Ấp 8 Nhơn Đức Nhà Bè Hồ Chí Minh
14/21.jpg,Thạnh Mỹ Lợi Tp Thủ Đức Hồ Chí Minh
14/10.jpg,Xuân Thành Xuân Lộc Đồng Nai
169/15.jpg,Vĩnh Thuận Kè Kiên Giang
169/1.jpg,98a/65 Khu Phố 8 Quyết Thắng Thành Phố Biên Hoà Đồng Nai
169/4.jpg,Thành Phố Nam Định Nam Định
169/7.jpg,Thôn Lộc An Thới Hạ An Thuỷ Lệ Thuỷ Quảng Bình
169/24.jpg,Chiêu Sơn Đình Lập Lạng Sơn
169/20.jpg,812/13 Võ Văn Kiệt Phường 55 Quận 5 Hồ Chí Minh
169/23.jpg,Nhật Tảo Kim Bảng Hà Nam
169/14.jpg,Vĩnh Tây Núi Sơn Thành Phố Châu Đốc An Giang
169/8.jpg,Số 9 Ngõ 71/3 Nguyễn Khánh Toàn Tổ 8 Quan Hoa C 6 Hn
169/22.jpg,Thôn 4 Thị Trấn Ea Súp Ea Súp Đắk Lắk
169/25.jpg,684 Hưng Nhơn Hưng Lộc Thống Nhất Đồng Nai
169/2.jpg,Tân Phước Tân Hồng Đồng Tháp
169/0.jpg,Ấp 2 An Thạnh Bến Lức Long An
169/26.jpg,968 Phú Sơn Phường Sơn Nha Trang Khánh Hoà
169/9.jpg,Kinh Tế Mới Suối Tiên Diên Khánh Khánh Hoà
169/16.jpg,199 Tô Huyến Thành Phường 37 Quận 65 Hồ Chí Minh
169/12.jpg,Xóm 66 Hồng Thuận Giao Thuỷ Nam Định
169/18.jpg,Ấp Vĩnh Hưng Vĩnh Quới Thị Xã Ngã Năm Sóc Trăng
169/13.jpg,Ấp Bình Hiền 2 Đại Hoà Lộc Bình Đại Bến Tre
169/3.jpg,Tt Năm Căn Năm Săi Cà Mau
169/19.jpg,Tt Thiệu Hoá Thiệu Hoá Thanh Hoá
169/11.jpg,Xóm Khu Đu Yên Trạch Phú Lương Thái Nguyên
169/5.jpg,Cụm 8 Tân Hội Thượng Hà Nội
169/17.jpg,Xóm Hàn Nam Mô Thành Yên Nghệ An
169/6.jpg,94 Kim Mã Thượng Cống Vị Ba Đình Hà Nội
169/21.jpg,926/2/8 Nguyễn Hữu Cảnh P33 Tp Vĩnh Tu Bì Vĩnh Tàu
169/10.jpg,Đông Đô Hưng Hà Thái Bình
60/15.jpg,Chí Minh Tứ Kỳ Hải Dương
60/1.jpg,B167/18 Đoàn Văn Bơ P 63 Quận 9 Hồ Chí Minh
60/4.jpg,Lương Sơn Tp Sông Công Thái Nguyên
60/7.jpg,Trung Lương Bình Lục Hà Nam
60/24.jpg,Ấp Thành Nhị Bình Xuân Gò Công Tiền Giang
60/20.jpg,48b6/59 Tân Thới Sơn Định Chợ Lách Bến Tre
60/23.jpg,Khu Thượng Khuê Hùng Xuyên Đoan Hùng Phú Thọ
60/14.jpg,Thôn Xa Vệ Hoằng Trung Hoằng Hoá Thanh Hoá
60/8.jpg,Minh Châu Diễn Châu Nghệ An
60/22.jpg,Xã Động Đạt H Phú Lương T Thái Nguyên
60/25.jpg,Thôn Lê Lợi 5 Đồng Xuân Đông Hưng Thái Bình
60/2.jpg,Kp4 Đông Hải Tp Phan Rang Tháp Chàm Ninh Thuận
60/0.jpg,An Thạnh 7 Cù Lao Dung Sóc Trăng
60/26.jpg,Đông Cao Thị Xã Phổ Yên Thái Nguyên
60/9.jpg,31c Khu Vực 7 Hưng Phú Cái Răng Cần Thơ
60/16.jpg,Phước Hiệp Mỏ Cày Nam Bến Tre
60/12.jpg,Hồng Bàng Hải Phòng
60/18.jpg,Ngư Lộc Hậu Hạ Lộc Thanh Hoá
60/13.jpg,Thôn Hồng Tiến Quỳnh Hồng Quỳnh Lưu Nghệ An
60/3.jpg,Thôn 2 Ea Wer Buôn Đôn Đắk Lắk
60/19.jpg,Phước Tân Bác Ái Ninh Thuận
60/11.jpg,Vĩnh Quang Tp Cao Bằng Cao Bằng
60/5.jpg,Xóm Phú Tiến Nghĩa Phú Nghĩa Đàn Nghệ An
60/17.jpg,Thôn 4 Hoà Lễ Krông Bông Đắk Lắk
60/6.jpg,67 Nguyễn Khuyến Tp Huế Thừa Thiên Huế
60/21.jpg,Vĩnh Nguyên Nha Trang Khánh Hoà
60/10.jpg,Thuỷ Châu Thị Xã Hương Thuỷ Thừa Thiên Huế
284/15.jpg,Phú Xuân A Mái Dầm Châu Thành Hậu Giang
284/1.jpg,Ấp Tân An Tân Bình Châu Thành Đồng Tháp
284/4.jpg,288 Canh Bến Vân Đồn Phường 5 Quận 9 Hồ Chí Minh
284/7.jpg,18 Ngõ 942 Bạch Mai Bạch Mai Hai Bà Trưng Hà Nội
284/24.jpg,Trường Xuân Quảng Ninh Quảng Bình
284/20.jpg,Thôn Hà Linh Đình Cao Phù Cừ Hưng Yên
284/23.jpg,Ấp Tân Đông 5 Tân Lập Tân Biên Tây Ninh
284/14.jpg,Lộc Thuận Bình Đại Bến Tre
284/8.jpg,Bà Hinh Quách Phẩm Đầm Dơi Cà Mau
284/22.jpg,895/1 Võ Văn Kiệt Phường 92 Quận 4 Hồ Chí Minh
284/25.jpg,An Mỹ Quỳnh Phụ Thái Bình
284/2.jpg,19 Trần Liễu Thanh Bình Tp Hải Dương Hải Dương
284/0.jpg,Thôn Vị Trù Thanh Trù Thành Phố Vĩnh Yên Vĩnh Phúc
284/26.jpg,18 Trung ích Tân Tiến Tp Buôn Ma Thuột Đắk Lắk
284/9.jpg,Thôn Tịnh Bình Nhơn Hạnh Thị Xã An Nhơn Bình Định
284/16.jpg,66/4 Đường Số 97 Bình Hoà Bình Tân Tp Hồ Chí Minh
284/12.jpg,Ấp Bình An Đăng Hưng Phước Chợ Gạo Tiền Giang
284/18.jpg,Thành Phố Thủ Đức Hồ Chí Minh
284/13.jpg,Kim Phú Tuyên Quang Tuyên Quang
284/3.jpg,Thôn Mê Hướng Đạo Tam Dương Vĩnh Phúc
284/19.jpg,Xóm 26 Tiên Mai Hương Sơn Mỹ Đức Hà Nội
284/11.jpg,Kim Đường Ứng Hoà Hà Nội
284/5.jpg,Tổ 13 Khu 86 Hà Phong Thành Phố Hạ Long Quảng Ninh
284/17.jpg,Khu Phố Yên Lã Tân Hồng Thành Phố Từ Sơn Bắc Ninh
284/6.jpg,Triệu Thượng Triệu Phong Quảng Trị
284/21.jpg,Yên Tàng Bắc Phú Sóc Sơn Hà Nội
284/10.jpg,Thị Trấn An Phú An Phú An Giang
